{
  "features": [
    "Cellulose_pct",
    "Hemicellulose_pct",
    "Lignin_pct",
    "ParticleSize_mm",
    "PyrolysisTemp_C"
  ],
  "target": "BioOilYield_pct",
  "n_train": 403,
  "n_test": 101,
  "feature_stats": {
    "Cellulose_pct": {
      "min": 12.26,
      "max": 59.7,
      "mean": 35.1569246031746,
      "p05": 16.4,
      "p95": 48.34
    },
    "Hemicellulose_pct": {
      "min": 1.13,
      "max": 52.0,
      "mean": 26.34684523809524,
      "p05": 10.44,
      "p95": 44.01
    },
    "Lignin_pct": {
      "min": 0.8,
      "max": 47.97,
      "mean": 24.29686507936508,
      "p05": 4.91,
      "p95": 40.4
    },
    "ParticleSize_mm": {
      "min": 0.125,
      "max": 10.0,
      "mean": 1.1004394841269842,
      "p05": 0.224,
      "p95": 3.2
    },
    "PyrolysisTemp_C": {
      "min": 277.0,
      "max": 900.0,
      "mean": 494.1825396825397,
      "p05": 350.0,
      "p95": 650.0
    }
  },
  "target_stats": {
    "min": 13.33,
    "max": 70.41,
    "mean": 42.45547619047618
  },
  "models": {
    "linear_regression": {
      "best_params": {
        "copy_X": true,
        "fit_intercept": true,
        "n_jobs": null,
        "positive": false,
        "tol": 1e-06
      },
      "cv_r2": 0.008227717169721682,
      "r2_train": 0.06191106663449475,
      "r2_test": 0.011103697690577063,
      "rmse_test": 10.467100424612722,
      "mae_test": 8.144302488344424
    },
    "ridge": {
      "best_params": {
        "alpha": 1.0,
        "copy_X": true,
        "fit_intercept": true,
        "max_iter": null,
        "positive": false,
        "random_state": null,
        "solver": "auto",
        "tol": 0.0001
      },
      "cv_r2": 0.008293248815564258,
      "r2_train": 0.06191084634679933,
      "r2_test": 0.011122028651429527,
      "rmse_test": 10.46700341095373,
      "mae_test": 8.14438502418098
    },
    "knn": {
      "best_params": {
        "algorithm": "auto",
        "leaf_size": 30,
        "metric": "minkowski",
        "metric_params": null,
        "n_jobs": null,
        "n_neighbors": 5,
        "p": 2,
        "weights": "uniform"
      },
      "cv_r2": 0.20649677001974295,
      "r2_train": 0.5153697539527251,
      "r2_test": 0.10710256824713649,
      "rmse_test": 9.946076639301122,
      "mae_test": 7.348257425742573
    },
    "svr": {
      "best_params": {
        "C": 10.0,
        "cache_size": 200,
        "coef0": 0.0,
        "degree": 3,
        "epsilon": 0.1,
        "gamma": "scale",
        "kernel": "rbf",
        "max_iter": -1,
        "shrinking": true,
        "tol": 0.001,
        "verbose": false
      },
      "cv_r2": -0.02164984470254152,
      "r2_train": 0.0022826375380913255,
      "r2_test": -0.02662310590756345,
      "rmse_test": 10.664893716485155,
      "mae_test": 8.267040112964494
    },
    "decision_tree": {
      "best_params": {
        "ccp_alpha": 0.0,
        "criterion": "squared_error",
        "max_depth": 10,
        "max_features": null,
        "max_leaf_nodes": null,
        "min_impurity_decrease": 0.0,
        "min_samples_leaf": 1,
        "min_samples_split": 2,
        "min_weight_fraction_leaf": 0.0,
        "monotonic_cst": null,
        "random_state": 42,
        "splitter": "best"
      },
      "cv_r2": 0.47712136147502465,
      "r2_train": 0.8775122566745175,
      "r2_test": 0.7095899756781727,
      "rmse_test": 5.672268967782387,
      "mae_test": 4.085982322682817
    },
    "random_forest": {
      "best_params": {
        "bootstrap": true,
        "ccp_alpha": 0.0,
        "criterion": "squared_error",
        "max_depth": 12,
        "max_features": 1.0,
        "max_leaf_nodes": null,
        "max_samples": null,
        "min_impurity_decrease": 0.0,
        "min_samples_leaf": 1,
        "min_samples_split": 2,
        "min_weight_fraction_leaf": 0.0,
        "monotonic_cst": null,
        "n_estimators": 300,
        "n_jobs": -1,
        "oob_score": false,
        "random_state": 42,
        "verbose": 0,
        "warm_start": false
      },
      "cv_r2": 0.671571574660063,
      "r2_train": 0.9249508474511242,
      "r2_test": 0.7448528496060769,
      "rmse_test": 5.3167516631719485,
      "mae_test": 3.725914452048606
    },
    "extra_trees": {
      "best_params": {
        "bootstrap": false,
        "ccp_alpha": 0.0,
        "criterion": "squared_error",
        "max_depth": 12,
        "max_features": 1.0,
        "max_leaf_nodes": null,
        "max_samples": null,
        "min_impurity_decrease": 0.0,
        "min_samples_leaf": 1,
        "min_samples_split": 2,
        "min_weight_fraction_leaf": 0.0,
        "monotonic_cst": null,
        "n_estimators": 300,
        "n_jobs": -1,
        "oob_score": false,
        "random_state": 42,
        "verbose": 0,
        "warm_start": false
      },
      "cv_r2": 0.6741057205959118,
      "r2_train": 0.9386856833113435,
      "r2_test": 0.7207335446128973,
      "rmse_test": 5.562376746639414,
      "mae_test": 3.72907282246853
    },
    "gradient_boosting": {
      "best_params": {
        "alpha": 0.9,
        "ccp_alpha": 0.0,
        "criterion": "deprecated",
        "init": null,
        "learning_rate": 0.05,
        "loss": "squared_error",
        "max_depth": 4,
        "max_features": null,
        "max_leaf_nodes": null,
        "min_impurity_decrease": 0.0,
        "min_samples_leaf": 1,
        "min_samples_split": 2,
        "min_weight_fraction_leaf": 0.0,
        "n_estimators": 300,
        "n_iter_no_change": null,
        "random_state": 42,
        "subsample": 1.0,
        "tol": 0.0001,
        "validation_fraction": 0.1,
        "verbose": 0,
        "warm_start": false
      },
      "cv_r2": 0.6497149305987996,
      "r2_train": 0.9354883802370192,
      "r2_test": 0.7007683610703486,
      "rmse_test": 5.757776065948726,
      "mae_test": 3.988489152421491
    },
    "xgboost": {
      "best_params": {
        "objective": "reg:squarederror",
        "base_score": null,
        "booster": null,
        "callbacks": null,
        "colsample_bylevel": null,
        "colsample_bynode": null,
        "colsample_bytree": null,
        "device": null,
        "early_stopping_rounds": null,
        "enable_categorical": true,
        "eval_metric": null,
        "feature_types": null,
        "feature_weights": null,
        "gamma": null,
        "grow_policy": null,
        "importance_type": null,
        "interaction_constraints": null,
        "learning_rate": 0.05,
        "max_bin": null,
        "max_cat_threshold": null,
        "max_cat_to_onehot": null,
        "max_delta_step": null,
        "max_depth": 5,
        "max_leaves": null,
        "min_child_weight": null,
        "missing": NaN,
        "monotone_constraints": null,
        "multi_strategy": null,
        "n_estimators": 400,
        "n_jobs": -1,
        "num_parallel_tree": null,
        "random_state": 42,
        "reg_alpha": null,
        "reg_lambda": null,
        "sampling_method": null,
        "scale_pos_weight": null,
        "subsample": null,
        "tree_method": null,
        "validate_parameters": null,
        "verbosity": 0
      },
      "cv_r2": 0.6498304374983205,
      "r2_train": 0.9502641045757829,
      "r2_test": 0.6342571044831775,
      "rmse_test": 6.365594412630155,
      "mae_test": 4.062602611579518
    },
    "lightgbm": {
      "best_params": {
        "boosting_type": "gbdt",
        "class_weight": null,
        "colsample_bytree": 1.0,
        "importance_type": "split",
        "learning_rate": 0.05,
        "max_depth": -1,
        "min_child_samples": 20,
        "min_child_weight": 0.001,
        "min_split_gain": 0.0,
        "n_estimators": 400,
        "n_jobs": -1,
        "num_leaves": 31,
        "objective": null,
        "random_state": 42,
        "reg_alpha": 0.0,
        "reg_lambda": 0.0,
        "subsample": 1.0,
        "subsample_for_bin": 200000,
        "subsample_freq": 0,
        "verbose": -1
      },